fetched_utc,api_ts_utc,id,name,bact,viral,algae,samlet,forecast,confirm_reason,data_confidence
2026-10-01T00:17:15Z,2026-10-01T00:13:48Z,DKBW16,SØVANG,,,,,,all-stormwater,hoej
2026-10-01T00:17:15Z,2026-10-01T00:13:48Z,DKBW1906,TEGLHOLM BRYGGE BADEZONE,0.0175,0.0153,0.2782,0.2782,0.7467,,hoej
2026-10-01T00:17:15Z,2026-10-01T00:13:48Z,DKBW24,CHARLOTTENLUND STRANDPARK,0.0657,0.0657,0.2782,0.2782,0.7467,,middel
2026-10-01T00:17:15Z,2026-10-01T00:13:48Z,DKBW14,AMAGER SYDSTRAND,,,,,,all-stormwater,hoej
2026-10-01T00:17:15Z,2026-10-01T00:13:48Z,DKBW1526,"AMAGER STRANDPARK, ØRESUND",0.0166,0.0151,0.2782,0.2782,0.7467,,middel
2026-10-01T00:17:15Z,2026-10-01T00:13:48Z,DKBW1578,SLUSEHOLMEN HAVNEBAD,0.0179,0.0154,0.2782,0.2782,0.7467,,hoej
2026-10-01T00:17:15Z,2026-10-01T00:13:48Z,DKBW1667,KALVEBOD BØLGE BADEZONE,0.0776,0.0689,0.2782,0.2782,0.7467,,middel
2026-10-01T00:17:15Z,2026-10-01T00:13:48Z,DKBW4,"KBS, UD FOR HYLDETANGEN",0.0267,0.0221,0.1782,0.1782,0.694,,middel
2026-10-01T00:17:15Z,2026-10-01T00:13:48Z,DKBW1464,"VALLENSBÆK STRAND, VED SKRUBBEN",,,,,,all-stormwater,hoej
2026-10-01T00:17:15Z,2026-10-01T00:13:48Z,DKBW1590,LODSPARKEN,0.016,0.0149,0.2782,0.2782,0.7467,,middel
2026-10-01T00:17:15Z,2026-10-01T00:13:48Z,DKBW1593,TAARBÆK HAVN,0.0762,0.0621,0.2782,0.2782,0.7467,,middel
2026-10-01T00:17:15Z,2026-10-01T00:13:48Z,DKBW8,DRAGØR NORDSTRAND,0,0,0.2782,0.2782,0.7467,,middel
2026-10-01T00:17:15Z,2026-10-01T00:13:48Z,DKBW1904,STRANDEN VED VALBYPARKEN,0.0169,0.0151,0.2782,0.2782,0.7467,,middel
2026-10-01T00:17:15Z,2026-10-01T00:13:48Z,DKBW1913,HVIDOVRE HAVN,0.016,0.0149,0.2782,0.2782,0.7467,,middel
2026-10-01T00:17:15Z,2026-10-01T00:13:48Z,DKBW32,FREDERIKSDAL FRIBAD,0.474,0.4067,0.2705,0.474,0.7476,,lav
2026-10-01T00:17:15Z,2026-10-01T00:13:48Z,DKBW1527,"AMAGER STRANDPARK, LAGUNEN",0.0167,0.0151,0.2782,0.2782,0.7467,,middel
2026-10-01T00:17:15Z,2026-10-01T00:13:48Z,DKBW1598,SYD FOR KASTRUP LYSTBÅDEHAVN,0,0,0.2782,0.2782,0.7467,,middel
2026-10-01T00:17:15Z,2026-10-01T00:13:48Z,DKBW1629,HALFDANSGADE BADEZONE,0.0772,0.0688,0.2782,0.2782,0.7467,,middel
2026-10-01T00:17:15Z,2026-10-01T00:13:48Z,DKBW1652,SKOVSHOVED HAVBAD,0.0339,0.0342,0.2782,0.2782,0.7467,,middel
2026-10-01T00:17:15Z,2026-10-01T00:13:48Z,DKBW1656,SØNDRE REFSHALE BADEZONE,0.0797,0.0694,0.2782,0.2782,0.7467,,hoej
2026-10-01T00:17:15Z,2026-10-01T00:13:48Z,DKBW1891,SKOVSHOVED SYD,0.0629,0.0649,0.2782,0.2782,0.7467,,middel
2026-10-01T00:17:15Z,2026-10-01T00:13:48Z,DKBW10,"DRAGØR SØBAD, NORD",0,0,0.2782,0.2782,0.7467,,middel
2026-10-01T00:17:15Z,2026-10-01T00:13:48Z,DKBW1528,FISKETORVET HAVNEBAD,0.0754,0.0683,0.2782,0.2782,0.7467,,middel
2026-10-01T00:17:15Z,2026-10-01T00:13:48Z,DKBW1520,"KASTRUP SØBAD, NORD FOR KASTRUP LYSTBÅDEHAVN",0,0,0.2782,0.2782,0.7467,,hoej
2026-10-01T00:17:15Z,2026-10-01T00:13:48Z,DKBW1579,SVANEMØLLESTRANDEN,0.0709,0.0671,0.2782,0.2782,0.7467,,middel
2026-10-01T00:17:15Z,2026-10-01T00:13:48Z,DKBW1594,BOMBEGRUNDEN TAARBÆK,0.0023,0.0088,0.2782,0.2782,0.7467,,middel
2026-10-01T00:17:15Z,2026-10-01T00:13:48Z,DKBW1907,VANDTRAPPEN BADEZONE,0.0176,0.0153,0.2782,0.2782,0.7467,,hoej
2026-10-01T00:17:15Z,2026-10-01T00:13:48Z,DKBW1908,BYSKOVEN BADEZONE,0,0,0.2782,0.2782,0.7467,,middel
2026-10-01T00:17:15Z,2026-10-01T00:13:48Z,DKBW20,BELLEVUE STRAND,0.0028,0.0092,0.2782,0.2782,0.7467,,middel
2026-10-01T00:17:15Z,2026-10-01T00:13:48Z,DKBW1772,KVÆSTHUSBROEN,0.0798,0.0694,0.2782,0.2782,0.7467,,hoej
2026-10-01T00:17:15Z,2026-10-01T00:13:48Z,DKBW1893,BADEANSTALT I VALLENSBÆK HAVN,,,,,,all-stormwater,hoej
2026-10-01T00:17:15Z,2026-10-01T00:13:48Z,DKBW26,HELLERUP STRAND,0.0679,0.0663,0.2782,0.2782,0.7467,,middel
2026-10-01T00:17:15Z,2026-10-01T00:13:48Z,DKBW1525,ISLANDS BRYGGE HAVNEBAD,0.0778,0.0689,0.2782,0.2782,0.7467,,middel
2026-10-01T00:17:15Z,2026-10-01T00:13:48Z,DKBW1624,HALVANDET BADEZONE,0.0785,0.0691,0.2782,0.2782,0.7467,,middel
2026-10-01T00:17:15Z,2026-10-01T00:13:48Z,DKBW1648,SANDKAJ BADEZONE,0.0749,0.0682,0.2782,0.2782,0.7467,,middel
2026-10-01T00:17:15Z,2026-10-01T00:13:48Z,DKBW1905,HAVNEGADE BADEZONE,0.0799,0.0694,0.2782,0.2782,0.7467,,hoej
2026-10-01T00:17:15Z,2026-10-01T00:13:48Z,DKBW1640,HAVNEVIGEN BADEZONE,0.0179,0.0154,0.2782,0.2782,0.7467,,hoej
2026-10-01T00:17:15Z,2026-10-01T00:13:48Z,DKBW18,VED KONGELUNDSKROEN,,,,,,all-stormwater,hoej
2026-10-01T00:17:15Z,2026-10-01T00:13:48Z,DKBW1896,LA BANCHINA BADEZONE,0.0801,0.0695,0.2782,0.2782,0.7467,,hoej
2026-10-01T00:17:15Z,2026-10-01T00:13:48Z,DKBW1914,MOERTELRENDEN,0.0161,0.0149,0.2782,0.2782,0.7467,,middel
2026-10-01T00:17:15Z,2026-10-01T00:13:48Z,DKBW30,TAARBÆK SØBADEANSTALT,0.0761,0.0621,0.2782,0.2782,0.7467,,middel
